{
  "language_iso": "ar",
  "language_name": "En",
  "language_dir": "rtl",
  "error": "خطأ",
  "success": "تم التسجيل",
  "ok": "حسنا",
  "done": "حسنا",
  "cancel": "إلغاء",
  "welcome": "مرحبا",
  "email": "البريد الالكتروني",
  "enter-email": "ادخل البريد الإلكترونى",
  "valid-email1": "لا يمكن ان يكون البريد الإلكترونى فارغ",
  "valid-email2": "البريد الإلكترونى خاطئ",
  "password": "كلمة المرور",
  "enter-password": "أدخل كلمة المرور",
  "valid-password1": "لا يمكن ان تكون كلمة المرور فارغة",
  "valid-password2": "كلمة المرور صغيرة جدا",
  "retype-password": "تأكيد كلمة المرور",
  "enter-retype-password": "أعد إدخال كلمة المرور",
  "valid-retype-password": "كلمة المرور غير متطابقة",
  "lastname": "الإسم الأول",
  "firstname": "الإسم الأخير",
  "tel": "رقم الهاتف",
  "enter-tel": "أدخل رقم الهاتف",
  "valid-tel1": "لا يمكن ان يكون رقم الهاتف فارغ",
  "valid-tel2": "رقم الهاتف غير صيحيح",
  "username": "إسم المستخدم",
  "enter-username": "أدخل إسم السمتخدم",
  "valid-username": "لا يمكن أن يكون اسم السمتخدم فارغ",
  "sign-in-button": "تسجيل الدخول",
  "sign-in-header": "مرحبا بك",
  "sign-in-desc": "سجل دخولك عن طريق البريد الإلكترونى و كلمة المرور",
  "sign-in-make-account": "ليس لديك حساب ؟",
  "sign-in-error": "البريد الإلكترونى أو كلمة المرور غير صحيحة",
  "forget-password": "هل نسيت كلمة المرور ؟",
  "sign-up-button": "إنشاء حساب",
  "sign-up-error": "البريد الإلكترونى مسجل من قبل",
  "sign-up-success": "توجه إلى بريدك الإلكترونى لمعرفة كلمة المرور الخاصة بك",
  "sign-up-tel-valid": "رقم الهاتف غير صحيح",
  "verfication-code": "كود التفعيل",
  "enter-verfication-code": "أدخل كود التفعيل",
  "gender": "الجنس",
  "not-say": "اختار الجنس",
  "male": "ذكر",
  "female": "أنثى",
  "product-name": "إسم المنتج",
  "cat-name": "name_alt",
  "home": "الرئيسية",
  "favourite": "المفضلة",
  "profile": "حسابى",
  "logout": "تسجيل الخروج",
  "cart": "السلة",
  "remove": "إزالة",
  "checkout": "إتمام الطلب",
  "order-done": "تم الطلب",
  "address": "العنوان",
  "delete-account": "حذف الحساب",
  "enter-address": "ادخل عنوانك",
  "address2": "وصف أخر للعنوان",
  "enter-address2": "اكتب وصف اخر للعنوان",
  "add-address": "رجاء قم بإضافة عنوانك",
  "address-success": "تم إضافة عنوانك بنجاح",
  "address-error": "لقد وصلت إلى الحد الأقصى من العناوين",
  "notes": "ملحوظة",
  "enter-notes": "ادكتب ملحوظتك",
  "title": "إسم العنوان",
  "enter-title": "ادخل اسم العنوان",
  "valid-title": "رجاءا قم بإدخال اسم للعنوان",
  "continue": "إستمرار",
  "password-reset": "إعادة تعيين كلمة المرور",
  "reset": "إعادة تعيين",
  "password-reset-error": "مستخدم غير مسجل",
  "password-change": "تغيير كلمة المرور",
  "change": "تغيير",
  "password-change-success": "تم تغيير كلمة المرور بنجاح",
  "add-to-cart": "أضف إلى السلة",
  "le": "ج.م",
  "total": "الإجمالى",
  "net": "الصافى",
  "delivering-to": "توصيل إلى",
  "choose-address": "إختار العنوان",
  "add-new-address": "أضف عنوان جديد",
  "title-address": "الإسم",
  "country": "الدولة",
  "select-country": "إختار دولتك",
  "valid-country": "من فضلك قم باختيار دولتك",
  "city": "المدينة",
  "select-city": "اختار مدينتك",
  "valid-city": "من فضلك قم باختيار مدينتك",
  "area": "المنطقة",
  "select-area": "إختار منطقتك",
  "valid-area": "من فضلك قم باختيار منطقتك",
  "branch": "الفرع",
  "select-branch": "إختار الفرع",
  "branch-name": "address_alt",
  "valid-branch": "من فضلك قم باختيار فرع",
  "edit-profile": "تعديل الملف الشخصى",
  "edit-profile-success": "تم تعديل الملف الشخصى",
  "edit-profile-error": "فشل تعديل الملف الشخصي",
  "lang": "en",
  "lang-change": "تغيير اللغة",
  "orders": "الطلبات",
  "order-num": "رقم الطلب",
  "order-date": "التاريخ",
  "order-total": "الإجمالى",
  "current": "الطلبات الحالية",
  "history": "الطلبات السابقة",
  "orders-items-header": "منتجات الطلب رقم",
  "unit-name": "unit_measure_alt",
  "reorder-success": "تم إضاقة المنتجات للسلة بنجاح",
  "lang-changed": "تم تغيير اللغة بنجاح",
  "more-details": "مزيد من التفاصيل",
  "no-desc": "لا يوجد تفاصيل",
  "bref": "brief_alt",
  "desc": "description_alt",
  "sort": "ترتيب",
  "highest-price": "الأعلى سعرا",
  "lowest-price": "الأقل سعرا",
  "asc-name": "أ-ي",
  "desc-name": "ي-أ",
  "similar-products": "منتجات مشابهة",
  "all": "الكل",
  "not-sign": "برجاء قم بتسجيل الدخول",
  "connect": "ربط",
  "disconnect": "إلغاء الربط",
  "select-address": "إختار العنوان",
  "payment": "الدفع",
  "coupon": "الكوبون",
  "enter-coupon": "أدخل الكوبون هنا",
  "hello-there-address": "مرحبا بك، قم بإضافة عنوانك من هنا.",
  "delivery": "توصيل للمنزل",
  "pick-up": "استلام من الفرع",
  "see-more": "رؤية المزيد",
  "hello-there-reset-password": "مرحبا بك، قم بتغيير كلمة المرور من هنا.",
  "you-might": "ربما يعجبك أيضا",
  "add-item": "إضافة منتج",
  "birth-date": "تاريخ الميلاد",
  "hello-there-edit": "مرحبا بك، يمكنك تعديل بيانات حسابك من هنا.",
  "hello-there-forget": "مرحبا بك، نسيت كلمة المرور لا بأس.",
  "category": "الفئات",
  "daily-picks": "اختيارات يومية",
  "hello": "مرحبا",
  "you-in-the-right": "أنت في المكان المناسب لشراء بقالة كل يوم",
  "addresses": "العناوين",
  "add-your-location": "إضافة موقعك",
  "edit-your-location": "تعديل موقعك",
  "add-manually": "إضافة يدويا",
  "order-details": "تفاصيل الطلب",
  "processing": "قيد التجهيز",
  "shipping": "قيد التوصيل",
  "arrived": "تم التوصيل",
  "orders-status": "تفاصيل الطلبات",
  "manage-your-expenses": "قم بإدارة مصاريفك",
  "seamlessly-intuitively": "بسلاسة وبشكل حدسي",
  "sign-in-with-apple": "تسجيل الدخول بأبل",
  "sign-in-with-google": "تسجيل الدخول بجوجل",
  "sign-in-with-facebook": "تسجيل الدخول بفيسبوك",
  "creat-account": "إنشاء حساب جديد",
  "or": "أو",
  "sign-in": "تسجيل الدخول",
  "by-creating-account": "من خلال إنشاء حساب ، فإنك توافق على",
  "terms-conditions": "الأحكام والشروط",
  "please-accept-terms": "الرجاء قبول الشروط والأحكام",
  "sign-up": "إنشاء حساب",
  "already-have": "هل لديك حساب ؟",
  "hello-there-sign-up": "مرحبا بك، قم بإنشاء حسابك من هنا",
  "hello-there-sign-in": "مرحبا بك، قم بتسجيل الدخول من هنا",
  "splash-content": "جارى التحميل، مرحبا بك في باكو مارت",
  "delivery-location": "حدد موقع التوصيل",
  "recommended": "موصي به",
  "no-addresses": "لا يوجد عناوين مسجلة",
  "delivery-to": "توصيل إلى:",
  "loading": "جارى التحميل...",
  "pls-add-address": "من فضلك اضف عنوان",
  "nobranch-warning": "عفوا، لن يتم إكمال طلبك لعدم وجود فروع متاحة بالقرب منك",
  "cart-delete-item-message": "هل تريد حذف ذلك العنصر؟",
  "customer": "عميل",
  "language": "العربية",
  "client-service": "خدمة العملاء",
  "categories": "التصنيفات",
  "brands": "الماركات",
  "about-us": "عن الشركة",
  "contact-us": "كلمنا",
  "search-placeholder": "اكتب ال بتدور عليه هنا",
  "welcome-to-bayt-aleadad": "مرحبا بك في بيت العدد",
  "bayt-aleadad": "بيت العدد",
  "hi": "مرحبا",
  "more": "المزيد",
  "font-family": "Tajawal",
  "copy-link-address": "نسخ الرابط",
  "open-in-new-tab": "فتح في صفحة جديدة",
  "all-categories": "كل التصنيفات",
  "show-all": "عرض الكل",
  "trending-products": "المنتجات الرائجة",
  "total-discount": "إجمالى الخصم",
  "total-tax": "إجمالى الضرائب",
  "filter-by": "تصفية حسب",
  "you-need-to-sign-in-first": "أنت بحاجة إلى تسجيل الدخول أولاً",
  "sorry": "عفوا",
  "sign-in-with-your-data": "قم بتسجيل الدخول باستخدام البيانات الخاصة بك",
  "register-now": "أنشئ حسابك الأن",
  "it-only-takes-a-minute-to-create-your-account": "يستغرق إنشاء حسابك دقيقة واحدة فقط",
  "delivery-address": "عنوان التوصيل",
  "checkout-success": "تم إرسال طلبك بنجاح",
  "order-canceled": "تم إلغاء طلبك بنجاح",
  "my-orders": "طلباتي",
  "delivery-fees": "مصاريف التوصيل",
  "status": "الحالة",
  "order-id": "رقم الطلب",
  "date": "التاريخ",
  "canceled": "تم الإلغاء",
  "valid-length-11": "لا يمكن أن يكون هذا الحقل أقل من 11 أحرف",
  "valid-length-6": "لا يمكن أن يكون هذا الحقل أقل من 6 أحرف",
  "valid-empty": "هذا الحقل لا يمكن ان يكون فارغ",
  "quantity": "الكمية",
  "price": "السعر",
  "order-no": "الطلب رقم",
  "edit-profile-with-your-new-data": "قم بتحديث ملفك الشخصي ببياناتك الجديدة",
  "save": "حفظ",
  "user-update-success": "تم تعديل بياناتك بنجاح",
  "change-password-your-old-password-with-your-new-password": "قم بتغيير كلمة المرور القديمة بكلمة المرور الجديدة",
  "search": "بحث",
  "reserve": "حجز",
  "reserve-in-cart": "حجز فى السلة",
  "copy-text": "نسخ النص",
  "model": "الموديل",
  "part-no": "رقم القطعة",
  "products": "المنتجات",
  "description": "وصف المنتج",
  "content-info": "محتويات العبوة",
  "tech-info": "معلومات تقنية",
  "user_doesnt_exist": "رقم الهاتف غير مسجل من قبل",
  "user_already_exists": "رقم الهاتف مسجل من قبل",
  "sku": "كود المنتج"
}
