{
  "language_iso": "en",
  "language_name": "ع",
  "language_dir": "ltr",
  "error": "Error",
  "success": "Success",
  "ok": "Ok",
  "done": "Done",
  "cancel": "Cancel",
  "welcome": "Welcome",
  "email": "Email",
  "enter-email": "Enter your Email",
  "valid-email1": "Email can't be empty",
  "valid-email2": "Email is wrong",
  "valid-password1": "Password can't be empty",
  "valid-password2": "Password is too small",
  "password": "Password",
  "enter-password": "Enter your password",
  "retype-password": "Confirm Password",
  "enter-retype-password": "Enter your Confirm password",
  "valid-retype-password": "Password doesn't match",
  "tel": "Phone",
  "enter-tel": "Enter your phone",
  "valid-tel1": "Phone number can't be empty",
  "valid-tel2": "Phone number is wrong",
  "lastname": "Last Name",
  "firstname": "First Name",
  "enter-lastname": "Last Name",
  "enter-firstname": "First Name",
  "valid-username": "name can't be empty",
  "sign-in-button": "Login",
  "sign-in-header": "Welcome Back",
  "sign-in-desc": "Login with your email and your password",
  "sign-in-make-account": "Don't have an account?",
  "sign-in-error": "Email or Password isn't correct",
  "forget-password": "Did you forget your password ?",
  "sign-up-button": "Register",
  "sign-up-error": "This email has been registed before",
  "sign-up-tel-valid": "This phone number is correct",
  "sign-up-success": "Check the message in your email to get your password",
  "verfication-code": "varfication code",
  "enter-verfication-code": "Enter your verfication code",
  "gender": "Gender",
  "not-say": "Select gender",
  "male": "Male",
  "female": "Female",
  "product-name": "Product Name",
  "cat-name": "name",
  "home": "Home",
  "favourite": "Favourite",
  "profile": "Profile",
  "logout": "Logout",
  "cart": "Cart",
  "remove": "Remove",
  "checkout": "Checkout",
  "order-done": "Order done",
  "address": "Address",
  "enter-address": "Enter your address",
  "address2": "Alternate address",
  "enter-address2": "Enter your alternate address",
  "add-address": "please add your address",
  "address-success": "Your address has been added successfully",
  "address-error": "you have reached the limit of adding addresses",
  "notes": "Notes",
  "enter-notes": "Enter your notes",
  "title": "Name of Address",
  "enter-title": "Enter name of address",
  "valid-title": "Please enter name for you address",
  "net": "Net",
  "continue": "Continue",
  "password-reset": "Password reset",
  "reset": "Reset",
  "password-reset-error": "This user not registed",
  "password-change": "Change Password",
  "change": "Change",
  "password-change-success": "Password changed successfully",
  "add-to-cart": "Add to cart",
  "le": "EGP",
  "total": "Total",
  "delete-account": "Delete Account",
  "delivering-to": "Delivering to",
  "choose-address": "Choose Address",
  "add-new-address": "Add new address",
  "title-address": "Title",
  "country": "Country",
  "select-country": "Select your country",
  "valid-country": "Please choose your country",
  "city": "City",
  "select-city": "Select your city",
  "valid-city": "Please choose your city",
  "area": "Area",
  "select-area": "Select your area",
  "valid-area": "Please choose your area",
  "branch": "branch",
  "select-branch": "Select branch",
  "valid-branch": "Please choose branch",
  "branch-name": "address",
  "edit-profile": "Edit Profile",
  "edit-profile-success": "Edit Profile done",
  "edit-profile-error": "Edit profile failed",
  "lang": "ar",
  "lang-change": "Change language",
  "orders": "Orders",
  "order-num": "Order ID",
  "order-date": "Date",
  "order-total": "Total",
  "current": "Current",
  "history": "History",
  "orders-items-header": "Items of order",
  "unit-name": "unit_measure",
  "reorder-success": "Items has been added to cart successfully",
  "lang-changed": "Language has been changed successfully",
  "more-details": "More details",
  "no-desc": "No description here",
  "bref": "brief",
  "desc": "description",
  "sort": "Sort",
  "highest-price": "Highest price",
  "lowest-price": "Lowest price",
  "asc-name": "A-Z",
  "desc-name": "Z-A",
  "similar-products": "Similar Products",
  "all": "All",
  "not-sign": "Please sign in",
  "connect": "Connect",
  "disconnect": "Disconnect",
  "select-address": "Select address",
  "payment": "Payment",
  "coupon": "Coupon",
  "enter-coupon": "Enter Coupon Here",
  "hello-there-address": "Hello there, Add your address from here.",
  "delivery": "Delivery",
  "pick-up": "Pick Up",
  "see-more": "See More",
  "hello-there-reset-password": "Hello there, Change your password from here.",
  "you-might": "You Might Also Like",
  "add-item": "Add Item",
  "birth-date": "Birth date",
  "hello-there-edit": "Hello there, You can edit your profile here.",
  "hello-there-forget": "Hello there, Forget your password don't worry.",
  "category": "Categories",
  "daily-picks": "Daily Picks",
  "hello": "Hello",
  "you-in-the-right": "You’re in the right place for your EVERYDAY GROCERY",
  "addresses": "Addresses",
  "add-your-location": "Add Your Location",
  "edit-your-location": "Edit Your Location",
  "add-manually": "Add Manually",
  "order-details": "ORDER DETAILS",
  "processing": "Processing",
  "shipping": "Shipping",
  "arrived": "Arrived",
  "orders-status": "Orders Status",
  "manage-your-expenses": "Manage your expenses",
  "seamlessly-intuitively": "Seamlessly & intuitively",
  "sign-in-with-apple": "Sign in with Apple",
  "sign-in-with-google": "Sign in with Google",
  "sign-in-with-facebook": "Sign in with Facebook",
  "creat-account": "Create an account",
  "or": "Or",
  "sign-in": "Sign In",
  "by-creating-account": "By creating an account, you agree to our",
  "terms-conditions": "Terms and Conditions",
  "please-accept-terms": "Please accept terms and conditions",
  "sign-up": "Sign up",
  "already-have": "Already have an account?",
  "hello-there-sign-up": "Hello there, sign up to continue.",
  "hello-there-sign-in": "Hello there, sign in to continue.",
  "splash-content": "LOADING, Welcome to Bako Mart",
  "delivery-location": "Select delivery Location",
  "recommended": "Recommended",
  "no-addresses": "There is no addresses",
  "delivery-to": "Delivery To:",
  "loading": "Loading...",
  "pls-add-address": "Please add address",
  "nobranch-warning": "Sorry, your order will not be completed because there are no available branches near you.",
  "cart-delete-item-message": "Do you want to delete that item?",
  "customer": "Customer",
  "discover-something-new": "Discover something new",
  "update-trendy-outfit": "Update trendy outfit",
  "explore-your-true-style": "Explore your true style",
  "special-new-arrivals-just-for-you": "Special new arrivals just for you",
  "favorite-brands-and-hottest-trends": "Favorite brands and hottest trends",
  "relax-and-let-us-bring-the-style-to-you": "Relax and let us bring the style to you",
  "shopping-now": "Shopping now",
  "language": "English",
  "client-service": "Client Service",
  "categories": "Categories",
  "brands": "Brand",
  "about-us": "About Us",
  "contact-us": "Contact Us",
  "search-placeholder": "Search...",
  "welcome-to-bayt-aleadad": "Welcome to Bayt Aleadad",
  "bayt-aleadad": "Bayt Aleadad",
  "hi": "Hi",
  "more": "More",
  "font-family": "Muli",
  "copy-link-address": "Copy link address",
  "open-in-new-tab": "Open in new tab",
  "all-categories": "All Categories",
  "show-all": "Show All",
  "trending-products": "Trending Products",
  "total-discount": "Total Discount",
  "total-tax": "Total Taxes",
  "filter-by": "Filter by",
  "you-need-to-sign-in-first": "You need to sign in first",
  "sorry": "Sorry",
  "sign-in-with-your-data": "Sign in with your data",
  "register-now": "Register Now",
  "it-only-takes-a-minute-to-create-your-account": "It only takes a minute to create your account",
  "delivery-address": "Delivery Address",
  "checkout-success": "Your order has been sent successfully",
  "order-canceled": "Your order has been canceled successfully",
  "my-orders": "My Orders",
  "delivery-fees": "Delivery Fees",
  "status": "Status",
  "valid-length-6": "This field can't be less than 6 Characters",
  "valid-length-11": "This field can't be less than 11 Characters",
  "valid-empty": "This field can't be Empty",
  "order-id": "Order ID",
  "date": "Date",
  "canceled": "Canceled",
  "quantity": "Quantity",
  "price": "Price",
  "order-no": "Order No",
  "edit-profile-with-your-new-data": "Edit your profile with your new data",
  "save": "Save",
  "user-update-success": "Your data has been updated successfully",
  "change-password-your-old-password-with-your-new-password": "Change password your old password with your new password",
  "search": "Search",
  "reserve": "Reserve",
  "reserve-in-cart": "Reserve in cart",
  "copy-text": "Copy Text",
  "model": "Model",
  "part-no": "Part Number",
  "products": "Products",
  "description": "Description",
  "content-info": "Package Content",
  "tech-info": "Tech Info",
  "user_doesnt_exist": "Phone number doesn't exist before",
  "user_already_exists": "Phone number doesn't exist before",
  "sku":"SKU"
}
