[{"family":"MaterialIcons","fonts":[{"asset":"fonts/MaterialIcons-Regular.otf"}]},{"family":"Muli","fonts":[{"asset":"assets/fonts/muli/Muli.ttf"},{"weight":700,"asset":"assets/fonts/muli/Muli-Bold.ttf"},{"weight":300,"asset":"assets/fonts/muli/Muli-Light.ttf"},{"weight":600,"asset":"assets/fonts/muli/Muli-SemiBold.ttf"},{"weight":200,"asset":"assets/fonts/muli/Muli-ExtraLight.ttf"}]},{"family":"Tajawal","fonts":[{"asset":"assets/fonts/Tajawal/Tajawal-Medium.ttf"},{"weight":500,"asset":"assets/fonts/Tajawal/Tajawal-Medium.ttf"},{"weight":300,"asset":"assets/fonts/Tajawal/Tajawal-Light.ttf"},{"weight":200,"asset":"assets/fonts/Tajawal/Tajawal-ExtraLight.ttf"},{"weight":600,"asset":"assets/fonts/Tajawal/Tajawal-Bold.ttf"},{"weight":700,"asset":"assets/fonts/Tajawal/Tajawal-ExtraBold.ttf"}]},{"family":"packages/font_awesome_flutter/FontAwesomeBrands","fonts":[{"weight":400,"asset":"packages/font_awesome_flutter/lib/fonts/fa-brands-400.ttf"}]},{"family":"packages/font_awesome_flutter/FontAwesomeRegular","fonts":[{"weight":400,"asset":"packages/font_awesome_flutter/lib/fonts/fa-regular-400.ttf"}]},{"family":"packages/font_awesome_flutter/FontAwesomeSolid","fonts":[{"weight":900,"asset":"packages/font_awesome_flutter/lib/fonts/fa-solid-900.ttf"}]}]